{"polyfill":["/polyfill-9690c0d81cbfb5c3a940.js"],"app":["/app-02b2997057015f46d277.js"],"component---cache-caches-gatsby-plugin-offline-app-shell-js":["/component---cache-caches-gatsby-plugin-offline-app-shell-js-77466cc0b3ed4dac08eb.js"],"component---src-pages-404-js":["/component---src-pages-404-js-7d12cc9b92732029ab72.js"],"component---src-pages-thanks-js":["/component---src-pages-thanks-js-1b37af5353febb0bd532.js"],"component---src-templates-about-page-js":["/component---src-templates-about-page-js-dc96b790507bb9eefbc6.js"],"component---src-templates-blog-list-js":["/component---src-templates-blog-list-js-ebee4426b4dbaf6a98f8.js"],"component---src-templates-blog-post-js":["/component---src-templates-blog-post-js-a81e87ab51fb0bc9e4ad.js"],"component---src-templates-contact-page-js":["/component---src-templates-contact-page-js-cc81fa3d4c18953e386a.js"],"component---src-templates-index-page-js":["/component---src-templates-index-page-js-e0e05fe15cabb7922ae1.js"]}