{"errors":[],"warnings":[],"namedChunkGroups":{"polyfill":{"chunks":[5,18],"assets":["webpack-runtime-91464125e951e5ebc721.js","webpack-runtime-91464125e951e5ebc721.js.map","polyfill-9690c0d81cbfb5c3a940.js","polyfill-9690c0d81cbfb5c3a940.js.map"],"children":{},"childAssets":{}},"app":{"chunks":[5,17,7,8],"assets":["webpack-runtime-91464125e951e5ebc721.js","webpack-runtime-91464125e951e5ebc721.js.map","framework-c8d3a5345e3f321d7da5.js","framework-c8d3a5345e3f321d7da5.js.map","532a2f07-d4557eaf6ec8afcfc04f.js","532a2f07-d4557eaf6ec8afcfc04f.js.map","app-02b2997057015f46d277.js","app-02b2997057015f46d277.js.map"],"children":{},"childAssets":{}},"component---cache-caches-gatsby-plugin-offline-app-shell-js":{"chunks":[9],"assets":["component---cache-caches-gatsby-plugin-offline-app-shell-js-77466cc0b3ed4dac08eb.js","component---cache-caches-gatsby-plugin-offline-app-shell-js-77466cc0b3ed4dac08eb.js.map"],"children":{},"childAssets":{}},"component---src-pages-404-js":{"chunks":[3,2,0,1,10],"assets":["styles.765a9923b98adf4bcac2.css","styles-474c0340beb1ced255f1.js","styles-474c0340beb1ced255f1.js.map","78e521c3-e0ac7d4d2c0a42406787.js","78e521c3-e0ac7d4d2c0a42406787.js.map","5e2a4920-da90abce4a08c86a094c.js","5e2a4920-da90abce4a08c86a094c.js.map","75ac8f1be37f16877420a9b50885917fbcd9a4ed-5cd5878bc480411260be.js","75ac8f1be37f16877420a9b50885917fbcd9a4ed-5cd5878bc480411260be.js.map","component---src-pages-404-js-7d12cc9b92732029ab72.js","component---src-pages-404-js-7d12cc9b92732029ab72.js.map"],"children":{},"childAssets":{}},"component---src-pages-thanks-js":{"chunks":[3,2,0,1,11],"assets":["styles.765a9923b98adf4bcac2.css","styles-474c0340beb1ced255f1.js","styles-474c0340beb1ced255f1.js.map","78e521c3-e0ac7d4d2c0a42406787.js","78e521c3-e0ac7d4d2c0a42406787.js.map","5e2a4920-da90abce4a08c86a094c.js","5e2a4920-da90abce4a08c86a094c.js.map","75ac8f1be37f16877420a9b50885917fbcd9a4ed-5cd5878bc480411260be.js","75ac8f1be37f16877420a9b50885917fbcd9a4ed-5cd5878bc480411260be.js.map","component---src-pages-thanks-js-1b37af5353febb0bd532.js","component---src-pages-thanks-js-1b37af5353febb0bd532.js.map"],"children":{},"childAssets":{}},"component---src-templates-about-page-js":{"chunks":[3,2,0,1,12],"assets":["styles.765a9923b98adf4bcac2.css","styles-474c0340beb1ced255f1.js","styles-474c0340beb1ced255f1.js.map","78e521c3-e0ac7d4d2c0a42406787.js","78e521c3-e0ac7d4d2c0a42406787.js.map","5e2a4920-da90abce4a08c86a094c.js","5e2a4920-da90abce4a08c86a094c.js.map","75ac8f1be37f16877420a9b50885917fbcd9a4ed-5cd5878bc480411260be.js","75ac8f1be37f16877420a9b50885917fbcd9a4ed-5cd5878bc480411260be.js.map","component---src-templates-about-page-js-dc96b790507bb9eefbc6.js","component---src-templates-about-page-js-dc96b790507bb9eefbc6.js.map"],"children":{},"childAssets":{}},"component---src-templates-blog-list-js":{"chunks":[3,2,0,1,4,13],"assets":["styles.765a9923b98adf4bcac2.css","styles-474c0340beb1ced255f1.js","styles-474c0340beb1ced255f1.js.map","78e521c3-e0ac7d4d2c0a42406787.js","78e521c3-e0ac7d4d2c0a42406787.js.map","5e2a4920-da90abce4a08c86a094c.js","5e2a4920-da90abce4a08c86a094c.js.map","75ac8f1be37f16877420a9b50885917fbcd9a4ed-5cd5878bc480411260be.js","75ac8f1be37f16877420a9b50885917fbcd9a4ed-5cd5878bc480411260be.js.map","9e2d6a3fb50938030b75170b3dc775ac1c2121eb-1ce5cec75c098196a8c7.js","9e2d6a3fb50938030b75170b3dc775ac1c2121eb-1ce5cec75c098196a8c7.js.map","component---src-templates-blog-list-js-ebee4426b4dbaf6a98f8.js","component---src-templates-blog-list-js-ebee4426b4dbaf6a98f8.js.map"],"children":{},"childAssets":{}},"component---src-templates-blog-post-js":{"chunks":[3,2,0,1,4,14],"assets":["styles.765a9923b98adf4bcac2.css","styles-474c0340beb1ced255f1.js","styles-474c0340beb1ced255f1.js.map","78e521c3-e0ac7d4d2c0a42406787.js","78e521c3-e0ac7d4d2c0a42406787.js.map","5e2a4920-da90abce4a08c86a094c.js","5e2a4920-da90abce4a08c86a094c.js.map","75ac8f1be37f16877420a9b50885917fbcd9a4ed-5cd5878bc480411260be.js","75ac8f1be37f16877420a9b50885917fbcd9a4ed-5cd5878bc480411260be.js.map","9e2d6a3fb50938030b75170b3dc775ac1c2121eb-1ce5cec75c098196a8c7.js","9e2d6a3fb50938030b75170b3dc775ac1c2121eb-1ce5cec75c098196a8c7.js.map","component---src-templates-blog-post-js-a81e87ab51fb0bc9e4ad.js","component---src-templates-blog-post-js-a81e87ab51fb0bc9e4ad.js.map"],"children":{},"childAssets":{}},"component---src-templates-contact-page-js":{"chunks":[3,2,0,1,15],"assets":["styles.765a9923b98adf4bcac2.css","styles-474c0340beb1ced255f1.js","styles-474c0340beb1ced255f1.js.map","78e521c3-e0ac7d4d2c0a42406787.js","78e521c3-e0ac7d4d2c0a42406787.js.map","5e2a4920-da90abce4a08c86a094c.js","5e2a4920-da90abce4a08c86a094c.js.map","75ac8f1be37f16877420a9b50885917fbcd9a4ed-5cd5878bc480411260be.js","75ac8f1be37f16877420a9b50885917fbcd9a4ed-5cd5878bc480411260be.js.map","component---src-templates-contact-page-js-cc81fa3d4c18953e386a.js","component---src-templates-contact-page-js-cc81fa3d4c18953e386a.js.map"],"children":{},"childAssets":{}},"component---src-templates-index-page-js":{"chunks":[3,2,0,6,1,4,16],"assets":["styles.765a9923b98adf4bcac2.css","styles-474c0340beb1ced255f1.js","styles-474c0340beb1ced255f1.js.map","78e521c3-e0ac7d4d2c0a42406787.js","78e521c3-e0ac7d4d2c0a42406787.js.map","5e2a4920-da90abce4a08c86a094c.js","5e2a4920-da90abce4a08c86a094c.js.map","1bfc9850-57c0e8efecc8ac4906ff.js","1bfc9850-57c0e8efecc8ac4906ff.js.map","75ac8f1be37f16877420a9b50885917fbcd9a4ed-5cd5878bc480411260be.js","75ac8f1be37f16877420a9b50885917fbcd9a4ed-5cd5878bc480411260be.js.map","9e2d6a3fb50938030b75170b3dc775ac1c2121eb-1ce5cec75c098196a8c7.js","9e2d6a3fb50938030b75170b3dc775ac1c2121eb-1ce5cec75c098196a8c7.js.map","component---src-templates-index-page-js-e0e05fe15cabb7922ae1.js","component---src-templates-index-page-js-e0e05fe15cabb7922ae1.js.map"],"children":{},"childAssets":{}}},"assetsByChunkName":{"polyfill":["webpack-runtime-91464125e951e5ebc721.js","polyfill-9690c0d81cbfb5c3a940.js"],"app":["webpack-runtime-91464125e951e5ebc721.js","framework-c8d3a5345e3f321d7da5.js","532a2f07-d4557eaf6ec8afcfc04f.js","app-02b2997057015f46d277.js"],"component---cache-caches-gatsby-plugin-offline-app-shell-js":["component---cache-caches-gatsby-plugin-offline-app-shell-js-77466cc0b3ed4dac08eb.js"],"component---src-pages-404-js":["styles.765a9923b98adf4bcac2.css","styles-474c0340beb1ced255f1.js","78e521c3-e0ac7d4d2c0a42406787.js","5e2a4920-da90abce4a08c86a094c.js","75ac8f1be37f16877420a9b50885917fbcd9a4ed-5cd5878bc480411260be.js","component---src-pages-404-js-7d12cc9b92732029ab72.js"],"component---src-pages-thanks-js":["styles.765a9923b98adf4bcac2.css","styles-474c0340beb1ced255f1.js","78e521c3-e0ac7d4d2c0a42406787.js","5e2a4920-da90abce4a08c86a094c.js","75ac8f1be37f16877420a9b50885917fbcd9a4ed-5cd5878bc480411260be.js","component---src-pages-thanks-js-1b37af5353febb0bd532.js"],"component---src-templates-about-page-js":["styles.765a9923b98adf4bcac2.css","styles-474c0340beb1ced255f1.js","78e521c3-e0ac7d4d2c0a42406787.js","5e2a4920-da90abce4a08c86a094c.js","75ac8f1be37f16877420a9b50885917fbcd9a4ed-5cd5878bc480411260be.js","component---src-templates-about-page-js-dc96b790507bb9eefbc6.js"],"component---src-templates-blog-list-js":["styles.765a9923b98adf4bcac2.css","styles-474c0340beb1ced255f1.js","78e521c3-e0ac7d4d2c0a42406787.js","5e2a4920-da90abce4a08c86a094c.js","75ac8f1be37f16877420a9b50885917fbcd9a4ed-5cd5878bc480411260be.js","9e2d6a3fb50938030b75170b3dc775ac1c2121eb-1ce5cec75c098196a8c7.js","component---src-templates-blog-list-js-ebee4426b4dbaf6a98f8.js"],"component---src-templates-blog-post-js":["styles.765a9923b98adf4bcac2.css","styles-474c0340beb1ced255f1.js","78e521c3-e0ac7d4d2c0a42406787.js","5e2a4920-da90abce4a08c86a094c.js","75ac8f1be37f16877420a9b50885917fbcd9a4ed-5cd5878bc480411260be.js","9e2d6a3fb50938030b75170b3dc775ac1c2121eb-1ce5cec75c098196a8c7.js","component---src-templates-blog-post-js-a81e87ab51fb0bc9e4ad.js"],"component---src-templates-contact-page-js":["styles.765a9923b98adf4bcac2.css","styles-474c0340beb1ced255f1.js","78e521c3-e0ac7d4d2c0a42406787.js","5e2a4920-da90abce4a08c86a094c.js","75ac8f1be37f16877420a9b50885917fbcd9a4ed-5cd5878bc480411260be.js","component---src-templates-contact-page-js-cc81fa3d4c18953e386a.js"],"component---src-templates-index-page-js":["styles.765a9923b98adf4bcac2.css","styles-474c0340beb1ced255f1.js","78e521c3-e0ac7d4d2c0a42406787.js","5e2a4920-da90abce4a08c86a094c.js","1bfc9850-57c0e8efecc8ac4906ff.js","75ac8f1be37f16877420a9b50885917fbcd9a4ed-5cd5878bc480411260be.js","9e2d6a3fb50938030b75170b3dc775ac1c2121eb-1ce5cec75c098196a8c7.js","component---src-templates-index-page-js-e0e05fe15cabb7922ae1.js"]}}